token,mint,launched,max_price_vs_launch_x
Trudycoin,DqWiQM8krabji22VhBkdivJavSKTuN74LwB234aJpump,2026-09-26 12:00:05,43.3
Melania Meme,FKNi1BjMFUqCd6k91U787rTSjv7zTqHPfmviKrbYpump,2026-09-26 12:01:27,43.6
United States Dividend Fund,BLE4k9FbLX3tRhWdkojQirT1kzXWpZtbLrjYjyoTpump,2026-09-26 12:15:42,3588.0
Mewania Twemp,EoHTQS3Cka18r5tPJC5addT2WLqmCNfWNwPRcWYGpump,2026-09-26 12:32:11,46.1
Paidrop,Gs8f8yPJbkBmwU1QqwNrdSoC5XQWqJs5kCk74YmKpump,2026-09-26 12:41:31,55.5
The Toad Cat,H91VyGgF5xi2L7hp1e3wX41rQe12386Hqw9JScuapump,2026-09-26 12:48:52,76.3
PEPE GOLD,AY3ZJx3axhDqZM9p4jyUKwaounyd8UoTAfS1Ndr9pump,2026-09-26 12:53:10,68.2
nostalgia!,8dzxqkT3eExkT76ZYsyWYZvrMhorSBpAdivpq3xFpump,2026-09-26 13:05:26,1.3
World Oil Asset Reserve,5j8D6QJovE7rkwUt7bAe2WATVdopoVC4xEwcutE8pump,2026-09-26 13:18:23,133.3
Pump Fun Scanner ,9ZsaUR7qnhZbcQM7NgxUzq3h84qR4sRfWG4yTtNJpump,2026-09-26 13:19:17,64.4
Pokédex,HJ1vNgAUNT9Nncseiozeu72Uem1hTfy3tdiPMfbWpump,2026-09-26 13:32:04,44.6
Colleague,8nYn8uhfJxem48hC8daXA36GDoG7srezMbMyuiCgpump,2026-09-26 13:34:57,48.8
Inferno AI,HdBr8fUsSWtpTSaRtfEn7mSLBnunMqtpy9h2Ar4kpump,2026-09-26 13:41:36,601.7
iPhone Duo,PiHNYefSuPLQpGGwxnaJrZ3HqtiPBvuWt3XvYv6pump,2026-09-26 13:51:49,43.4
Orangie Orangutan,7dmyavCePnJLUBkePNfjALURf4t63GM5zjWe4HoBpump,2026-09-26 13:58:42,43.9
iPhone Duo,FDZQKMKn5Fh9yQd7b65FPkY3KvSwvKKd8TY8EHRpump,2026-09-26 14:27:03,48.7
Holdoween,qYCUicz21WHnrVMj1GWEY8N9AZrtqUBWL6DmCmWpump,2026-09-26 14:28:13,45.0
Attention,7jUfANVLv5eabyon81m7GY5QttAhgxevZqmXUn4Bpump,2026-09-26 14:31:06,73.0
